Файл;Описание;Категория;Ширина;Высота;Формат
01_ПОКРЫТИЯ_И_РЕЛЬСЫ/asphalt_cracked_v01.png;Асфальт с трещинами — вариация 1;Покрытия;282;263;PNG RGBA
01_ПОКРЫТИЯ_И_РЕЛЬСЫ/asphalt_cracked_v02.png;Асфальт с трещинами — вариация 2;Покрытия;278;263;PNG RGBA
01_ПОКРЫТИЯ_И_РЕЛЬСЫ/asphalt_cracked_v03.png;Асфальт с трещинами — вариация 3;Покрытия;288;261;PNG RGBA
01_ПОКРЫТИЯ_И_РЕЛЬСЫ/asphalt_cracked_v04.png;Асфальт с трещинами — вариация 4;Покрытия;285;263;PNG RGBA
01_ПОКРЫТИЯ_И_РЕЛЬСЫ/paving_old_v01.png;Старая брусчатка — вариация 1;Покрытия;280;265;PNG RGBA
01_ПОКРЫТИЯ_И_РЕЛЬСЫ/paving_old_v02.png;Старая брусчатка — вариация 2;Покрытия;280;265;PNG RGBA
01_ПОКРЫТИЯ_И_РЕЛЬСЫ/paving_old_v03.png;Старая брусчатка — вариация 3;Покрытия;280;265;PNG RGBA
01_ПОКРЫТИЯ_И_РЕЛЬСЫ/paving_old_v04.png;Старая брусчатка — вариация 4;Покрытия;275;265;PNG RGBA
01_ПОКРЫТИЯ_И_РЕЛЬСЫ/puddle_reflection_v01.png;Лужа с отражением — вариация 1;Покрытия;354;205;PNG RGBA
01_ПОКРЫТИЯ_И_РЕЛЬСЫ/puddle_reflection_v02.png;Лужа с отражением — вариация 2;Покрытия;362;205;PNG RGBA
01_ПОКРЫТИЯ_И_РЕЛЬСЫ/puddle_reflection_v03.png;Лужа с отражением — вариация 3;Покрытия;362;205;PNG RGBA
01_ПОКРЫТИЯ_И_РЕЛЬСЫ/puddle_reflection_v04.png;Лужа с отражением — вариация 4;Покрытия;357;205;PNG RGBA
01_ПОКРЫТИЯ_И_РЕЛЬСЫ/dirty_snow_v01.png;Грязный снег/слякоть — вариация 1;Зима;425;195;PNG RGBA
01_ПОКРЫТИЯ_И_РЕЛЬСЫ/dirty_snow_v02.png;Грязный снег/слякоть — вариация 2;Зима;510;195;PNG RGBA
01_ПОКРЫТИЯ_И_РЕЛЬСЫ/dirty_snow_v03.png;Грязный снег/слякоть — вариация 3;Зима;468;195;PNG RGBA
01_ПОКРЫТИЯ_И_РЕЛЬСЫ/tram_rails_v01.png;Трамвайные рельсы — вариация 1;Рельсы;469;228;PNG RGBA
01_ПОКРЫТИЯ_И_РЕЛЬСЫ/tram_rails_v02.png;Трамвайные рельсы — вариация 2;Рельсы;510;230;PNG RGBA
01_ПОКРЫТИЯ_И_РЕЛЬСЫ/tram_rails_v03.png;Трамвайные рельсы — вариация 3;Рельсы;509;232;PNG RGBA
02_ФОНАРИ_СКАМЕЙКИ_УРНЫ_КОНТЕЙНЕРЫ/street_lamp_v01.png;Уличный фонарь — вариация 1;Фонари;185;507;PNG RGBA
02_ФОНАРИ_СКАМЕЙКИ_УРНЫ_КОНТЕЙНЕРЫ/street_lamp_v02.png;Уличный фонарь — вариация 2;Фонари;174;505;PNG RGBA
02_ФОНАРИ_СКАМЕЙКИ_УРНЫ_КОНТЕЙНЕРЫ/street_lamp_v03.png;Уличный фонарь — вариация 3;Фонари;187;497;PNG RGBA
02_ФОНАРИ_СКАМЕЙКИ_УРНЫ_КОНТЕЙНЕРЫ/street_lamp_v04.png;Уличный фонарь — вариация 4;Фонари;209;497;PNG RGBA
02_ФОНАРИ_СКАМЕЙКИ_УРНЫ_КОНТЕЙНЕРЫ/bench_old_v01.png;Старая скамейка — вариация 1;Скамейки;355;264;PNG RGBA
02_ФОНАРИ_СКАМЕЙКИ_УРНЫ_КОНТЕЙНЕРЫ/bench_old_v02.png;Старая скамейка — вариация 2;Скамейки;328;232;PNG RGBA
02_ФОНАРИ_СКАМЕЙКИ_УРНЫ_КОНТЕЙНЕРЫ/bench_old_v03.png;Старая скамейка — вариация 3;Скамейки;355;266;PNG RGBA
02_ФОНАРИ_СКАМЕЙКИ_УРНЫ_КОНТЕЙНЕРЫ/bench_old_v04.png;Старая скамейка — вариация 4;Скамейки;328;230;PNG RGBA
02_ФОНАРИ_СКАМЕЙКИ_УРНЫ_КОНТЕЙНЕРЫ/bin_metal_v01.png;Урна металлическая — вариация 1;Урны;133;246;PNG RGBA
02_ФОНАРИ_СКАМЕЙКИ_УРНЫ_КОНТЕЙНЕРЫ/bin_metal_v02.png;Урна металлическая — вариация 2;Урны;173;268;PNG RGBA
02_ФОНАРИ_СКАМЕЙКИ_УРНЫ_КОНТЕЙНЕРЫ/bin_metal_v03.png;Урна металлическая — вариация 3;Урны;193;268;PNG RGBA
02_ФОНАРИ_СКАМЕЙКИ_УРНЫ_КОНТЕЙНЕРЫ/bin_metal_v04.png;Урна металлическая — вариация 4;Урны;188;268;PNG RGBA
02_ФОНАРИ_СКАМЕЙКИ_УРНЫ_КОНТЕЙНЕРЫ/dumpster_v01.png;Мусорный контейнер — вариация 1;Контейнеры;345;341;PNG RGBA
02_ФОНАРИ_СКАМЕЙКИ_УРНЫ_КОНТЕЙНЕРЫ/dumpster_v02.png;Мусорный контейнер — вариация 2;Контейнеры;380;336;PNG RGBA
02_ФОНАРИ_СКАМЕЙКИ_УРНЫ_КОНТЕЙНЕРЫ/dumpster_v03.png;Мусорный контейнер — вариация 3;Контейнеры;370;339;PNG RGBA
02_ФОНАРИ_СКАМЕЙКИ_УРНЫ_КОНТЕЙНЕРЫ/dumpster_v04.png;Мусорный контейнер — вариация 4;Контейнеры;371;351;PNG RGBA
03_ПРОВОДА_БУДКИ_ПОЧТА_СТОЛБЫ_ДВЕРИ/overhead_wires_v01.png;Провода между домами — вариация 1;Провода;352;241;PNG RGBA
03_ПРОВОДА_БУДКИ_ПОЧТА_СТОЛБЫ_ДВЕРИ/overhead_wires_v02.png;Провода между домами — вариация 2;Провода;389;229;PNG RGBA
03_ПРОВОДА_БУДКИ_ПОЧТА_СТОЛБЫ_ДВЕРИ/overhead_wires_v03.png;Провода между домами — вариация 3;Провода;370;230;PNG RGBA
03_ПРОВОДА_БУДКИ_ПОЧТА_СТОЛБЫ_ДВЕРИ/overhead_wires_v04.png;Провода между домами — вариация 4;Провода;386;234;PNG RGBA
03_ПРОВОДА_БУДКИ_ПОЧТА_СТОЛБЫ_ДВЕРИ/phone_booth_v01.png;Телефонная будка — вариация 1;Телефонные будки;180;382;PNG RGBA
03_ПРОВОДА_БУДКИ_ПОЧТА_СТОЛБЫ_ДВЕРИ/phone_booth_v02.png;Телефонная будка — вариация 2;Телефонные будки;195;380;PNG RGBA
03_ПРОВОДА_БУДКИ_ПОЧТА_СТОЛБЫ_ДВЕРИ/phone_booth_v03.png;Телефонная будка — вариация 3;Телефонные будки;205;379;PNG RGBA
03_ПРОВОДА_БУДКИ_ПОЧТА_СТОЛБЫ_ДВЕРИ/phone_booth_v04.png;Телефонная будка — вариация 4;Телефонные будки;215;382;PNG RGBA
03_ПРОВОДА_БУДКИ_ПОЧТА_СТОЛБЫ_ДВЕРИ/mailbox_blue_v01.png;Синий почтовый ящик — вариация 1;Почтовые ящики;170;273;PNG RGBA
03_ПРОВОДА_БУДКИ_ПОЧТА_СТОЛБЫ_ДВЕРИ/mailbox_blue_v02.png;Синий почтовый ящик — вариация 2;Почтовые ящики;175;266;PNG RGBA
03_ПРОВОДА_БУДКИ_ПОЧТА_СТОЛБЫ_ДВЕРИ/mailbox_blue_v03.png;Синий почтовый ящик — вариация 3;Почтовые ящики;190;277;PNG RGBA
03_ПРОВОДА_БУДКИ_ПОЧТА_СТОЛБЫ_ДВЕРИ/mailbox_blue_v04.png;Синий почтовый ящик — вариация 4;Почтовые ящики;204;277;PNG RGBA
03_ПРОВОДА_БУДКИ_ПОЧТА_СТОЛБЫ_ДВЕРИ/poster_pole_v01.png;Столб с объявлениями — вариация 1;Столбы;107;463;PNG RGBA
03_ПРОВОДА_БУДКИ_ПОЧТА_СТОЛБЫ_ДВЕРИ/poster_pole_v02.png;Столб с объявлениями — вариация 2;Столбы;127;465;PNG RGBA
03_ПРОВОДА_БУДКИ_ПОЧТА_СТОЛБЫ_ДВЕРИ/poster_pole_v03.png;Столб с объявлениями — вариация 3;Столбы;140;465;PNG RGBA
03_ПРОВОДА_БУДКИ_ПОЧТА_СТОЛБЫ_ДВЕРИ/poster_pole_v04.png;Столб с объявлениями — вариация 4;Столбы;147;462;PNG RGBA
03_ПРОВОДА_БУДКИ_ПОЧТА_СТОЛБЫ_ДВЕРИ/entrance_door_v01.png;Дверь подъезда — вариация 1;Двери;228;443;PNG RGBA
03_ПРОВОДА_БУДКИ_ПОЧТА_СТОЛБЫ_ДВЕРИ/entrance_door_v02.png;Дверь подъезда — вариация 2;Двери;250;411;PNG RGBA
03_ПРОВОДА_БУДКИ_ПОЧТА_СТОЛБЫ_ДВЕРИ/entrance_door_v03.png;Дверь подъезда — вариация 3;Двери;240;411;PNG RGBA
03_ПРОВОДА_БУДКИ_ПОЧТА_СТОЛБЫ_ДВЕРИ/entrance_door_v04.png;Дверь подъезда — вариация 4;Двери;233;410;PNG RGBA
04_КИОСКИ_ОСТАНОВКИ_БАЛКОНЫ_ВЫВЕСКИ/news_kiosk_v01.png;Газетный киоск — вариация 1;Городская архитектура;339;328;PNG RGBA
04_КИОСКИ_ОСТАНОВКИ_БАЛКОНЫ_ВЫВЕСКИ/news_kiosk_v02.png;Газетный киоск — вариация 2;Городская архитектура;344;330;PNG RGBA
04_КИОСКИ_ОСТАНОВКИ_БАЛКОНЫ_ВЫВЕСКИ/news_kiosk_v03.png;Газетный киоск — вариация 3;Городская архитектура;324;330;PNG RGBA
04_КИОСКИ_ОСТАНОВКИ_БАЛКОНЫ_ВЫВЕСКИ/news_kiosk_v04.png;Газетный киоск — вариация 4;Городская архитектура;362;320;PNG RGBA
04_КИОСКИ_ОСТАНОВКИ_БАЛКОНЫ_ВЫВЕСКИ/bus_stop_v01.png;Автобусная остановка — вариация 1;Городская архитектура;356;290;PNG RGBA
04_КИОСКИ_ОСТАНОВКИ_БАЛКОНЫ_ВЫВЕСКИ/bus_stop_v02.png;Автобусная остановка — вариация 2;Городская архитектура;362;290;PNG RGBA
04_КИОСКИ_ОСТАНОВКИ_БАЛКОНЫ_ВЫВЕСКИ/bus_stop_v03.png;Автобусная остановка — вариация 3;Городская архитектура;362;290;PNG RGBA
04_КИОСКИ_ОСТАНОВКИ_БАЛКОНЫ_ВЫВЕСКИ/bus_stop_v04.png;Автобусная остановка — вариация 4;Городская архитектура;357;290;PNG RGBA
04_КИОСКИ_ОСТАНОВКИ_БАЛКОНЫ_ВЫВЕСКИ/balcony_old_v01.png;Балкон панельного дома — вариация 1;Городская архитектура;353;300;PNG RGBA
04_КИОСКИ_ОСТАНОВКИ_БАЛКОНЫ_ВЫВЕСКИ/balcony_old_v02.png;Балкон панельного дома — вариация 2;Городская архитектура;352;300;PNG RGBA
04_КИОСКИ_ОСТАНОВКИ_БАЛКОНЫ_ВЫВЕСКИ/balcony_old_v03.png;Балкон панельного дома — вариация 3;Городская архитектура;345;300;PNG RGBA
04_КИОСКИ_ОСТАНОВКИ_БАЛКОНЫ_ВЫВЕСКИ/balcony_old_v04.png;Балкон панельного дома — вариация 4;Городская архитектура;350;300;PNG RGBA
04_КИОСКИ_ОСТАНОВКИ_БАЛКОНЫ_ВЫВЕСКИ/shop_sign_blank_v01.png;Вывеска магазина без текста — вариация 1;Городская архитектура;352;175;PNG RGBA
04_КИОСКИ_ОСТАНОВКИ_БАЛКОНЫ_ВЫВЕСКИ/shop_sign_blank_v02.png;Вывеска магазина без текста — вариация 2;Городская архитектура;323;180;PNG RGBA
04_КИОСКИ_ОСТАНОВКИ_БАЛКОНЫ_ВЫВЕСКИ/shop_sign_blank_v03.png;Вывеска магазина без текста — вариация 3;Городская архитектура;353;183;PNG RGBA
04_КИОСКИ_ОСТАНОВКИ_БАЛКОНЫ_ВЫВЕСКИ/shop_sign_blank_v04.png;Вывеска магазина без текста — вариация 4;Городская архитектура;362;181;PNG RGBA
05_РАСТИТЕЛЬНОСТЬ_КЛУМБЫ_ЗАБОРЫ/autumn_tree_v01.png;Осеннее дерево — вариация 1;Растительность;360;468;PNG RGBA
05_РАСТИТЕЛЬНОСТЬ_КЛУМБЫ_ЗАБОРЫ/autumn_tree_v02.png;Осеннее дерево — вариация 2;Растительность;362;466;PNG RGBA
05_РАСТИТЕЛЬНОСТЬ_КЛУМБЫ_ЗАБОРЫ/autumn_tree_v03.png;Осеннее дерево — вариация 3;Растительность;362;469;PNG RGBA
05_РАСТИТЕЛЬНОСТЬ_КЛУМБЫ_ЗАБОРЫ/autumn_tree_v04.png;Осеннее дерево — вариация 4;Растительность;355;467;PNG RGBA
05_РАСТИТЕЛЬНОСТЬ_КЛУМБЫ_ЗАБОРЫ/bush_v01.png;Куст — вариация 1;Растительность;349;250;PNG RGBA
05_РАСТИТЕЛЬНОСТЬ_КЛУМБЫ_ЗАБОРЫ/bush_v02.png;Куст — вариация 2;Растительность;362;250;PNG RGBA
05_РАСТИТЕЛЬНОСТЬ_КЛУМБЫ_ЗАБОРЫ/bush_v03.png;Куст — вариация 3;Растительность;348;250;PNG RGBA
05_РАСТИТЕЛЬНОСТЬ_КЛУМБЫ_ЗАБОРЫ/bush_v04.png;Куст — вариация 4;Растительность;352;250;PNG RGBA
05_РАСТИТЕЛЬНОСТЬ_КЛУМБЫ_ЗАБОРЫ/flower_bed_v01.png;Клумба — вариация 1;Растительность;351;175;PNG RGBA
05_РАСТИТЕЛЬНОСТЬ_КЛУМБЫ_ЗАБОРЫ/flower_bed_v02.png;Клумба — вариация 2;Растительность;362;175;PNG RGBA
05_РАСТИТЕЛЬНОСТЬ_КЛУМБЫ_ЗАБОРЫ/flower_bed_v03.png;Клумба — вариация 3;Растительность;355;175;PNG RGBA
05_РАСТИТЕЛЬНОСТЬ_КЛУМБЫ_ЗАБОРЫ/flower_bed_v04.png;Клумба — вариация 4;Растительность;347;175;PNG RGBA
05_РАСТИТЕЛЬНОСТЬ_КЛУМБЫ_ЗАБОРЫ/metal_fence_v01.png;Металлический забор — вариация 1;Растительность;360;219;PNG RGBA
05_РАСТИТЕЛЬНОСТЬ_КЛУМБЫ_ЗАБОРЫ/metal_fence_v02.png;Металлический забор — вариация 2;Растительность;362;217;PNG RGBA
05_РАСТИТЕЛЬНОСТЬ_КЛУМБЫ_ЗАБОРЫ/metal_fence_v03.png;Металлический забор — вариация 3;Растительность;362;217;PNG RGBA
05_РАСТИТЕЛЬНОСТЬ_КЛУМБЫ_ЗАБОРЫ/metal_fence_v04.png;Металлический забор — вариация 4;Растительность;361;218;PNG RGBA
06_МАШИНЫ_ВЕЛОСИПЕДЫ_ГАРАЖИ/car_2000s_v01.png;Машина 2000-х — вариация 1;Транспорт;280;191;PNG RGBA
06_МАШИНЫ_ВЕЛОСИПЕДЫ_ГАРАЖИ/car_2000s_v02.png;Машина 2000-х — вариация 2;Транспорт;289;188;PNG RGBA
06_МАШИНЫ_ВЕЛОСИПЕДЫ_ГАРАЖИ/car_2000s_v03.png;Машина 2000-х — вариация 3;Транспорт;290;190;PNG RGBA
06_МАШИНЫ_ВЕЛОСИПЕДЫ_ГАРАЖИ/car_2000s_v04.png;Машина 2000-х — вариация 4;Транспорт;289;193;PNG RGBA
06_МАШИНЫ_ВЕЛОСИПЕДЫ_ГАРАЖИ/car_2000s_v05.png;Машина 2000-х — вариация 5;Транспорт;269;187;PNG RGBA
06_МАШИНЫ_ВЕЛОСИПЕДЫ_ГАРАЖИ/bicycle_old_v01.png;Старый велосипед — вариация 1;Транспорт;316;250;PNG RGBA
06_МАШИНЫ_ВЕЛОСИПЕДЫ_ГАРАЖИ/bicycle_old_v02.png;Старый велосипед — вариация 2;Транспорт;362;250;PNG RGBA
06_МАШИНЫ_ВЕЛОСИПЕДЫ_ГАРАЖИ/bicycle_old_v03.png;Старый велосипед — вариация 3;Транспорт;316;250;PNG RGBA
06_МАШИНЫ_ВЕЛОСИПЕДЫ_ГАРАЖИ/bicycle_old_v04.png;Старый велосипед — вариация 4;Транспорт;341;250;PNG RGBA
06_МАШИНЫ_ВЕЛОСИПЕДЫ_ГАРАЖИ/garage_metal_v01.png;Металлический гараж — вариация 1;Гаражи;239;175;PNG RGBA
06_МАШИНЫ_ВЕЛОСИПЕДЫ_ГАРАЖИ/garage_metal_v02.png;Металлический гараж — вариация 2;Гаражи;289;175;PNG RGBA
06_МАШИНЫ_ВЕЛОСИПЕДЫ_ГАРАЖИ/garage_metal_v03.png;Металлический гараж — вариация 3;Гаражи;290;175;PNG RGBA
06_МАШИНЫ_ВЕЛОСИПЕДЫ_ГАРАЖИ/garage_metal_v04.png;Металлический гараж — вариация 4;Гаражи;289;175;PNG RGBA
06_МАШИНЫ_ВЕЛОСИПЕДЫ_ГАРАЖИ/garage_metal_v05.png;Металлический гараж — вариация 5;Гаражи;248;175;PNG RGBA
06_МАШИНЫ_ВЕЛОСИПЕДЫ_ГАРАЖИ/garage_metal_v06.png;Металлический гараж — вариация 6;Гаражи;239;150;PNG RGBA
06_МАШИНЫ_ВЕЛОСИПЕДЫ_ГАРАЖИ/garage_metal_v07.png;Металлический гараж — вариация 7;Гаражи;289;150;PNG RGBA
06_МАШИНЫ_ВЕЛОСИПЕДЫ_ГАРАЖИ/garage_metal_v08.png;Металлический гараж — вариация 8;Гаражи;290;150;PNG RGBA
06_МАШИНЫ_ВЕЛОСИПЕДЫ_ГАРАЖИ/garage_metal_v09.png;Металлический гараж — вариация 9;Гаражи;289;150;PNG RGBA
06_МАШИНЫ_ВЕЛОСИПЕДЫ_ГАРАЖИ/garage_metal_v10.png;Металлический гараж — вариация 10;Гаражи;237;150;PNG RGBA
06_МАШИНЫ_ВЕЛОСИПЕДЫ_ГАРАЖИ/garage_metal_v11.png;Металлический гараж — вариация 11;Гаражи;246;165;PNG RGBA
06_МАШИНЫ_ВЕЛОСИПЕДЫ_ГАРАЖИ/garage_metal_v12.png;Металлический гараж — вариация 12;Гаражи;289;165;PNG RGBA
06_МАШИНЫ_ВЕЛОСИПЕДЫ_ГАРАЖИ/garage_metal_v13.png;Металлический гараж — вариация 13;Гаражи;290;165;PNG RGBA
06_МАШИНЫ_ВЕЛОСИПЕДЫ_ГАРАЖИ/garage_metal_v14.png;Металлический гараж — вариация 14;Гаражи;289;165;PNG RGBA
06_МАШИНЫ_ВЕЛОСИПЕДЫ_ГАРАЖИ/garage_metal_v15.png;Металлический гараж — вариация 15;Гаражи;238;165;PNG RGBA
06_МАШИНЫ_ВЕЛОСИПЕДЫ_ГАРАЖИ/garage_metal_v16.png;Металлический гараж — вариация 16;Гаражи;240;181;PNG RGBA
06_МАШИНЫ_ВЕЛОСИПЕДЫ_ГАРАЖИ/garage_metal_v17.png;Металлический гараж — вариация 17;Гаражи;289;181;PNG RGBA
06_МАШИНЫ_ВЕЛОСИПЕДЫ_ГАРАЖИ/garage_metal_v18.png;Металлический гараж — вариация 18;Гаражи;290;180;PNG RGBA
06_МАШИНЫ_ВЕЛОСИПЕДЫ_ГАРАЖИ/garage_metal_v19.png;Металлический гараж — вариация 19;Гаражи;289;180;PNG RGBA
06_МАШИНЫ_ВЕЛОСИПЕДЫ_ГАРАЖИ/garage_metal_v20.png;Металлический гараж — вариация 20;Гаражи;264;180;PNG RGBA
07_ПЛОЩАДКА_ГОЛУБИ_КОТЫ_СОБАКИ/playground_swings_v01.png;Качели — вариация 1;Детская площадка;360;355;PNG RGBA
07_ПЛОЩАДКА_ГОЛУБИ_КОТЫ_СОБАКИ/playground_sandbox_v01.png;Песочница — вариация 1;Детская площадка;420;321;PNG RGBA
07_ПЛОЩАДКА_ГОЛУБИ_КОТЫ_СОБАКИ/playground_slide_v01.png;Металлическая горка — вариация 1;Детская площадка;360;369;PNG RGBA
07_ПЛОЩАДКА_ГОЛУБИ_КОТЫ_СОБАКИ/playground_climber_v01.png;Лазалка — вариация 1;Детская площадка;408;368;PNG RGBA
07_ПЛОЩАДКА_ГОЛУБИ_КОТЫ_СОБАКИ/pigeons_v01.png;Голуби — вариация 1;Животные;264;215;PNG RGBA
07_ПЛОЩАДКА_ГОЛУБИ_КОТЫ_СОБАКИ/pigeons_v02.png;Голуби — вариация 2;Животные;289;215;PNG RGBA
07_ПЛОЩАДКА_ГОЛУБИ_КОТЫ_СОБАКИ/pigeons_v03.png;Голуби — вариация 3;Животные;290;215;PNG RGBA
07_ПЛОЩАДКА_ГОЛУБИ_КОТЫ_СОБАКИ/pigeons_v04.png;Голуби — вариация 4;Животные;289;215;PNG RGBA
07_ПЛОЩАДКА_ГОЛУБИ_КОТЫ_СОБАКИ/pigeons_v05.png;Голуби — вариация 5;Животные;261;215;PNG RGBA
07_ПЛОЩАДКА_ГОЛУБИ_КОТЫ_СОБАКИ/street_cat_v01.png;Уличный кот — вариация 1;Животные;289;260;PNG RGBA
07_ПЛОЩАДКА_ГОЛУБИ_КОТЫ_СОБАКИ/street_cat_v02.png;Уличный кот — вариация 2;Животные;311;260;PNG RGBA
07_ПЛОЩАДКА_ГОЛУБИ_КОТЫ_СОБАКИ/street_cat_v03.png;Уличный кот — вариация 3;Животные;337;260;PNG RGBA
07_ПЛОЩАДКА_ГОЛУБИ_КОТЫ_СОБАКИ/street_cat_v04.png;Уличный кот — вариация 4;Животные;313;260;PNG RGBA
07_ПЛОЩАДКА_ГОЛУБИ_КОТЫ_СОБАКИ/dog_leash_v01.png;Дворовая собака на поводке — вариация 1;Животные;331;319;PNG RGBA
07_ПЛОЩАДКА_ГОЛУБИ_КОТЫ_СОБАКИ/dog_leash_v02.png;Дворовая собака на поводке — вариация 2;Животные;313;314;PNG RGBA
07_ПЛОЩАДКА_ГОЛУБИ_КОТЫ_СОБАКИ/dog_leash_v03.png;Дворовая собака на поводке — вариация 3;Животные;205;321;PNG RGBA
07_ПЛОЩАДКА_ГОЛУБИ_КОТЫ_СОБАКИ/dog_leash_v04.png;Дворовая собака на поводке — вариация 4;Животные;299;315;PNG RGBA
08_ВЫВЕСКИ_ГРАФФИТИ_ОБЪЯВЛЕНИЯ_СТЕНЫ/shop_sign_blank_v01.png;Вывеска без текста — вариация 1;Вывески;239;211;PNG RGBA
08_ВЫВЕСКИ_ГРАФФИТИ_ОБЪЯВЛЕНИЯ_СТЕНЫ/shop_sign_blank_v02.png;Вывеска без текста — вариация 2;Вывески;242;222;PNG RGBA
08_ВЫВЕСКИ_ГРАФФИТИ_ОБЪЯВЛЕНИЯ_СТЕНЫ/shop_sign_blank_v03.png;Вывеска без текста — вариация 3;Вывески;241;238;PNG RGBA
08_ВЫВЕСКИ_ГРАФФИТИ_ОБЪЯВЛЕНИЯ_СТЕНЫ/shop_sign_blank_v04.png;Вывеска без текста — вариация 4;Вывески;241;253;PNG RGBA
08_ВЫВЕСКИ_ГРАФФИТИ_ОБЪЯВЛЕНИЯ_СТЕНЫ/shop_sign_blank_v05.png;Вывеска без текста — вариация 5;Вывески;242;205;PNG RGBA
08_ВЫВЕСКИ_ГРАФФИТИ_ОБЪЯВЛЕНИЯ_СТЕНЫ/shop_sign_blank_v06.png;Вывеска без текста — вариация 6;Вывески;240;203;PNG RGBA
08_ВЫВЕСКИ_ГРАФФИТИ_ОБЪЯВЛЕНИЯ_СТЕНЫ/graffiti_wall_v01.png;Граффити на стене — вариация 1;Граффити;228;300;PNG RGBA
08_ВЫВЕСКИ_ГРАФФИТИ_ОБЪЯВЛЕНИЯ_СТЕНЫ/graffiti_wall_v02.png;Граффити на стене — вариация 2;Граффити;242;279;PNG RGBA
08_ВЫВЕСКИ_ГРАФФИТИ_ОБЪЯВЛЕНИЯ_СТЕНЫ/graffiti_wall_v03.png;Граффити на стене — вариация 3;Граффити;241;300;PNG RGBA
08_ВЫВЕСКИ_ГРАФФИТИ_ОБЪЯВЛЕНИЯ_СТЕНЫ/graffiti_wall_v04.png;Граффити на стене — вариация 4;Граффити;241;294;PNG RGBA
08_ВЫВЕСКИ_ГРАФФИТИ_ОБЪЯВЛЕНИЯ_СТЕНЫ/graffiti_wall_v05.png;Граффити на стене — вариация 5;Граффити;242;280;PNG RGBA
08_ВЫВЕСКИ_ГРАФФИТИ_ОБЪЯВЛЕНИЯ_СТЕНЫ/graffiti_wall_v06.png;Граффити на стене — вариация 6;Граффити;232;280;PNG RGBA
08_ВЫВЕСКИ_ГРАФФИТИ_ОБЪЯВЛЕНИЯ_СТЕНЫ/poster_wall_v01.png;Объявления на стене — вариация 1;Объявления;321;260;PNG RGBA
08_ВЫВЕСКИ_ГРАФФИТИ_ОБЪЯВЛЕНИЯ_СТЕНЫ/poster_wall_v02.png;Объявления на стене — вариация 2;Объявления;362;260;PNG RGBA
08_ВЫВЕСКИ_ГРАФФИТИ_ОБЪЯВЛЕНИЯ_СТЕНЫ/poster_wall_v03.png;Объявления на стене — вариация 3;Объявления;341;260;PNG RGBA
08_ВЫВЕСКИ_ГРАФФИТИ_ОБЪЯВЛЕНИЯ_СТЕНЫ/poster_wall_v04.png;Объявления на стене — вариация 4;Объявления;355;260;PNG RGBA
08_ВЫВЕСКИ_ГРАФФИТИ_ОБЪЯВЛЕНИЯ_СТЕНЫ/old_wall_v01.png;Старая бетонно-кирпичная стена — вариация 1;Стены;351;295;PNG RGBA
08_ВЫВЕСКИ_ГРАФФИТИ_ОБЪЯВЛЕНИЯ_СТЕНЫ/old_wall_v02.png;Старая бетонно-кирпичная стена — вариация 2;Стены;362;291;PNG RGBA
08_ВЫВЕСКИ_ГРАФФИТИ_ОБЪЯВЛЕНИЯ_СТЕНЫ/old_wall_v03.png;Старая бетонно-кирпичная стена — вариация 3;Стены;362;305;PNG RGBA
08_ВЫВЕСКИ_ГРАФФИТИ_ОБЪЯВЛЕНИЯ_СТЕНЫ/old_wall_v04.png;Старая бетонно-кирпичная стена — вариация 4;Стены;355;315;PNG RGBA
09_ПОГОДА_И_ЭФФЕКТЫ/rain_overlay_v01.png;Дождь overlay — вариация 1;Дождь;207;220;PNG RGBA
09_ПОГОДА_И_ЭФФЕКТЫ/rain_overlay_v02.png;Дождь overlay — вариация 2;Дождь;230;221;PNG RGBA
09_ПОГОДА_И_ЭФФЕКТЫ/rain_overlay_v03.png;Дождь overlay — вариация 3;Дождь;237;221;PNG RGBA
09_ПОГОДА_И_ЭФФЕКТЫ/rain_overlay_v04.png;Дождь overlay — вариация 4;Дождь;236;221;PNG RGBA
09_ПОГОДА_И_ЭФФЕКТЫ/rain_overlay_v05.png;Дождь overlay — вариация 5;Дождь;229;222;PNG RGBA
09_ПОГОДА_И_ЭФФЕКТЫ/rain_overlay_v06.png;Дождь overlay — вариация 6;Дождь;206;224;PNG RGBA
09_ПОГОДА_И_ЭФФЕКТЫ/snow_overlay_v01.png;Снег overlay — вариация 1;Снег;209;220;PNG RGBA
09_ПОГОДА_И_ЭФФЕКТЫ/snow_overlay_v02.png;Снег overlay — вариация 2;Снег;242;220;PNG RGBA
09_ПОГОДА_И_ЭФФЕКТЫ/snow_overlay_v03.png;Снег overlay — вариация 3;Снег;223;220;PNG RGBA
09_ПОГОДА_И_ЭФФЕКТЫ/snow_overlay_v04.png;Снег overlay — вариация 4;Снег;241;220;PNG RGBA
09_ПОГОДА_И_ЭФФЕКТЫ/snow_overlay_v05.png;Снег overlay — вариация 5;Снег;242;220;PNG RGBA
09_ПОГОДА_И_ЭФФЕКТЫ/snow_overlay_v06.png;Снег overlay — вариация 6;Снег;213;220;PNG RGBA
09_ПОГОДА_И_ЭФФЕКТЫ/fog_v01.png;Туман — вариация 1;Туман;280;175;PNG RGBA
09_ПОГОДА_И_ЭФФЕКТЫ/steam_v01.png;Пар — вариация 1;Пар;276;195;PNG RGBA
09_ПОГОДА_И_ЭФФЕКТЫ/fog_v02.png;Туман — вариация 2;Туман;289;175;PNG RGBA
09_ПОГОДА_И_ЭФФЕКТЫ/steam_v02.png;Пар — вариация 2;Пар;289;195;PNG RGBA
09_ПОГОДА_И_ЭФФЕКТЫ/fog_v03.png;Туман — вариация 3;Туман;290;175;PNG RGBA
09_ПОГОДА_И_ЭФФЕКТЫ/steam_v03.png;Пар — вариация 3;Пар;290;195;PNG RGBA
09_ПОГОДА_И_ЭФФЕКТЫ/fog_v04.png;Туман — вариация 4;Туман;289;175;PNG RGBA
09_ПОГОДА_И_ЭФФЕКТЫ/steam_v04.png;Пар — вариация 4;Пар;289;195;PNG RGBA
09_ПОГОДА_И_ЭФФЕКТЫ/fog_v05.png;Туман — вариация 5;Туман;283;175;PNG RGBA
09_ПОГОДА_И_ЭФФЕКТЫ/steam_v05.png;Пар — вариация 5;Пар;272;195;PNG RGBA
09_ПОГОДА_И_ЭФФЕКТЫ/autumn_leaf_v01.png;Осенний лист — вариация 1;Листья;107;145;PNG RGBA
09_ПОГОДА_И_ЭФФЕКТЫ/autumn_leaf_v02.png;Осенний лист — вариация 2;Листья;120;145;PNG RGBA
09_ПОГОДА_И_ЭФФЕКТЫ/autumn_leaf_v03.png;Осенний лист — вариация 3;Листья;121;145;PNG RGBA
09_ПОГОДА_И_ЭФФЕКТЫ/autumn_leaf_v04.png;Осенний лист — вариация 4;Листья;121;145;PNG RGBA
09_ПОГОДА_И_ЭФФЕКТЫ/autumn_leaf_v05.png;Осенний лист — вариация 5;Листья;120;145;PNG RGBA
09_ПОГОДА_И_ЭФФЕКТЫ/autumn_leaf_v06.png;Осенний лист — вариация 6;Листья;121;145;PNG RGBA
09_ПОГОДА_И_ЭФФЕКТЫ/autumn_leaf_v07.png;Осенний лист — вариация 7;Листья;121;145;PNG RGBA
09_ПОГОДА_И_ЭФФЕКТЫ/autumn_leaf_v08.png;Осенний лист — вариация 8;Листья;120;145;PNG RGBA
09_ПОГОДА_И_ЭФФЕКТЫ/autumn_leaf_v09.png;Осенний лист — вариация 9;Листья;121;145;PNG RGBA
09_ПОГОДА_И_ЭФФЕКТЫ/autumn_leaf_v10.png;Осенний лист — вариация 10;Листья;121;145;PNG RGBA
09_ПОГОДА_И_ЭФФЕКТЫ/autumn_leaf_v11.png;Осенний лист — вариация 11;Листья;120;118;PNG RGBA
09_ПОГОДА_И_ЭФФЕКТЫ/autumn_leaf_v12.png;Осенний лист — вариация 12;Листья;103;145;PNG RGBA
09_ПОГОДА_И_ЭФФЕКТЫ/dust_particles_v01.png;Пыль в воздухе — вариация 1;Пыль;280;210;PNG RGBA
09_ПОГОДА_И_ЭФФЕКТЫ/dust_particles_v02.png;Пыль в воздухе — вариация 2;Пыль;289;210;PNG RGBA
09_ПОГОДА_И_ЭФФЕКТЫ/dust_particles_v03.png;Пыль в воздухе — вариация 3;Пыль;290;210;PNG RGBA
09_ПОГОДА_И_ЭФФЕКТЫ/dust_particles_v04.png;Пыль в воздухе — вариация 4;Пыль;289;210;PNG RGBA
09_ПОГОДА_И_ЭФФЕКТЫ/dust_particles_v05.png;Пыль в воздухе — вариация 5;Пыль;281;210;PNG RGBA
09_ПОГОДА_И_ЭФФЕКТЫ/puddle_ripple_v01.png;Рябь на луже — кадр/вариация 1;Рябь;231;99;PNG RGBA
09_ПОГОДА_И_ЭФФЕКТЫ/puddle_ripple_v02.png;Рябь на луже — кадр/вариация 2;Рябь;242;100;PNG RGBA
09_ПОГОДА_И_ЭФФЕКТЫ/puddle_ripple_v03.png;Рябь на луже — кадр/вариация 3;Рябь;241;99;PNG RGBA
09_ПОГОДА_И_ЭФФЕКТЫ/puddle_ripple_v04.png;Рябь на луже — кадр/вариация 4;Рябь;241;99;PNG RGBA
09_ПОГОДА_И_ЭФФЕКТЫ/puddle_ripple_v05.png;Рябь на луже — кадр/вариация 5;Рябь;242;99;PNG RGBA
09_ПОГОДА_И_ЭФФЕКТЫ/puddle_ripple_v06.png;Рябь на луже — кадр/вариация 6;Рябь;232;98;PNG RGBA
10_ЗИМА_ДОПОЛНИТЕЛЬНО/winter_extra_v01.png;Зимний/городской дополнительный объект — авто-вариация 1;Зима и дополнительные пропсы;171;174;PNG RGBA
10_ЗИМА_ДОПОЛНИТЕЛЬНО/winter_extra_v02.png;Зимний/городской дополнительный объект — авто-вариация 2;Зима и дополнительные пропсы;169;172;PNG RGBA
10_ЗИМА_ДОПОЛНИТЕЛЬНО/winter_extra_v03.png;Зимний/городской дополнительный объект — авто-вариация 3;Зима и дополнительные пропсы;168;172;PNG RGBA
10_ЗИМА_ДОПОЛНИТЕЛЬНО/winter_extra_v04.png;Зимний/городской дополнительный объект — авто-вариация 4;Зима и дополнительные пропсы;169;173;PNG RGBA
10_ЗИМА_ДОПОЛНИТЕЛЬНО/winter_extra_v05.png;Зимний/городской дополнительный объект — авто-вариация 5;Зима и дополнительные пропсы;177;173;PNG RGBA
10_ЗИМА_ДОПОЛНИТЕЛЬНО/winter_extra_v06.png;Зимний/городской дополнительный объект — авто-вариация 6;Зима и дополнительные пропсы;179;173;PNG RGBA
10_ЗИМА_ДОПОЛНИТЕЛЬНО/winter_extra_v07.png;Зимний/городской дополнительный объект — авто-вариация 7;Зима и дополнительные пропсы;180;173;PNG RGBA
10_ЗИМА_ДОПОЛНИТЕЛЬНО/winter_extra_v08.png;Зимний/городской дополнительный объект — авто-вариация 8;Зима и дополнительные пропсы;181;174;PNG RGBA
10_ЗИМА_ДОПОЛНИТЕЛЬНО/winter_extra_v09.png;Зимний/городской дополнительный объект — авто-вариация 9;Зима и дополнительные пропсы;238;166;PNG RGBA
10_ЗИМА_ДОПОЛНИТЕЛЬНО/winter_extra_v10.png;Зимний/городской дополнительный объект — авто-вариация 10;Зима и дополнительные пропсы;213;151;PNG RGBA
10_ЗИМА_ДОПОЛНИТЕЛЬНО/winter_extra_v11.png;Зимний/городской дополнительный объект — авто-вариация 11;Зима и дополнительные пропсы;224;158;PNG RGBA
10_ЗИМА_ДОПОЛНИТЕЛЬНО/winter_extra_v12.png;Зимний/городской дополнительный объект — авто-вариация 12;Зима и дополнительные пропсы;80;145;PNG RGBA
10_ЗИМА_ДОПОЛНИТЕЛЬНО/winter_extra_v13.png;Зимний/городской дополнительный объект — авто-вариация 13;Зима и дополнительные пропсы;89;181;PNG RGBA
10_ЗИМА_ДОПОЛНИТЕЛЬНО/winter_extra_v14.png;Зимний/городской дополнительный объект — авто-вариация 14;Зима и дополнительные пропсы;117;137;PNG RGBA
10_ЗИМА_ДОПОЛНИТЕЛЬНО/winter_extra_v15.png;Зимний/городской дополнительный объект — авто-вариация 15;Зима и дополнительные пропсы;188;186;PNG RGBA
10_ЗИМА_ДОПОЛНИТЕЛЬНО/winter_extra_v16.png;Зимний/городской дополнительный объект — авто-вариация 16;Зима и дополнительные пропсы;167;186;PNG RGBA
10_ЗИМА_ДОПОЛНИТЕЛЬНО/winter_extra_v17.png;Зимний/городской дополнительный объект — авто-вариация 17;Зима и дополнительные пропсы;185;180;PNG RGBA
10_ЗИМА_ДОПОЛНИТЕЛЬНО/winter_extra_v18.png;Зимний/городской дополнительный объект — авто-вариация 18;Зима и дополнительные пропсы;140;231;PNG RGBA
10_ЗИМА_ДОПОЛНИТЕЛЬНО/winter_extra_v19.png;Зимний/городской дополнительный объект — авто-вариация 19;Зима и дополнительные пропсы;139;229;PNG RGBA
10_ЗИМА_ДОПОЛНИТЕЛЬНО/winter_extra_v20.png;Зимний/городской дополнительный объект — авто-вариация 20;Зима и дополнительные пропсы;136;229;PNG RGBA
10_ЗИМА_ДОПОЛНИТЕЛЬНО/winter_extra_v21.png;Зимний/городской дополнительный объект — авто-вариация 21;Зима и дополнительные пропсы;304;162;PNG RGBA
10_ЗИМА_ДОПОЛНИТЕЛЬНО/winter_extra_v22.png;Зимний/городской дополнительный объект — авто-вариация 22;Зима и дополнительные пропсы;319;152;PNG RGBA
10_ЗИМА_ДОПОЛНИТЕЛЬНО/winter_extra_v23.png;Зимний/городской дополнительный объект — авто-вариация 23;Зима и дополнительные пропсы;326;143;PNG RGBA
10_ЗИМА_ДОПОЛНИТЕЛЬНО/winter_extra_v24.png;Зимний/городской дополнительный объект — авто-вариация 24;Зима и дополнительные пропсы;202;285;PNG RGBA
10_ЗИМА_ДОПОЛНИТЕЛЬНО/winter_extra_v25.png;Зимний/городской дополнительный объект — авто-вариация 25;Зима и дополнительные пропсы;279;237;PNG RGBA
10_ЗИМА_ДОПОЛНИТЕЛЬНО/winter_extra_v26.png;Зимний/городской дополнительный объект — авто-вариация 26;Зима и дополнительные пропсы;240;150;PNG RGBA
10_ЗИМА_ДОПОЛНИТЕЛЬНО/winter_extra_v27.png;Зимний/городской дополнительный объект — авто-вариация 27;Зима и дополнительные пропсы;287;158;PNG RGBA
10_ЗИМА_ДОПОЛНИТЕЛЬНО/winter_extra_v28.png;Зимний/городской дополнительный объект — авто-вариация 28;Зима и дополнительные пропсы;209;169;PNG RGBA
10_ЗИМА_ДОПОЛНИТЕЛЬНО/winter_extra_v29.png;Зимний/городской дополнительный объект — авто-вариация 29;Зима и дополнительные пропсы;217;220;PNG RGBA
10_ЗИМА_ДОПОЛНИТЕЛЬНО/winter_extra_v30.png;Зимний/городской дополнительный объект — авто-вариация 30;Зима и дополнительные пропсы;130;163;PNG RGBA
10_ЗИМА_ДОПОЛНИТЕЛЬНО/winter_extra_v31.png;Зимний/городской дополнительный объект — авто-вариация 31;Зима и дополнительные пропсы;195;166;PNG RGBA
10_ЗИМА_ДОПОЛНИТЕЛЬНО/winter_extra_v32.png;Зимний/городской дополнительный объект — авто-вариация 32;Зима и дополнительные пропсы;188;171;PNG RGBA
10_ЗИМА_ДОПОЛНИТЕЛЬНО/winter_extra_v33.png;Зимний/городской дополнительный объект — авто-вариация 33;Зима и дополнительные пропсы;245;121;PNG RGBA
10_ЗИМА_ДОПОЛНИТЕЛЬНО/winter_extra_v34.png;Зимний/городской дополнительный объект — авто-вариация 34;Зима и дополнительные пропсы;221;133;PNG RGBA
10_ЗИМА_ДОПОЛНИТЕЛЬНО/winter_extra_v35.png;Зимний/городской дополнительный объект — авто-вариация 35;Зима и дополнительные пропсы;339;173;PNG RGBA
10_ЗИМА_ДОПОЛНИТЕЛЬНО/winter_extra_v36.png;Зимний/городской дополнительный объект — авто-вариация 36;Зима и дополнительные пропсы;295;160;PNG RGBA
10_ЗИМА_ДОПОЛНИТЕЛЬНО/winter_extra_v37.png;Зимний/городской дополнительный объект — авто-вариация 37;Зима и дополнительные пропсы;277;133;PNG RGBA
10_ЗИМА_ДОПОЛНИТЕЛЬНО/winter_extra_v38.png;Зимний/городской дополнительный объект — авто-вариация 38;Зима и дополнительные пропсы;205;142;PNG RGBA
10_ЗИМА_ДОПОЛНИТЕЛЬНО/winter_extra_v39.png;Зимний/городской дополнительный объект — авто-вариация 39;Зима и дополнительные пропсы;326;161;PNG RGBA
10_ЗИМА_ДОПОЛНИТЕЛЬНО/winter_extra_v40.png;Зимний/городской дополнительный объект — авто-вариация 40;Зима и дополнительные пропсы;215;120;PNG RGBA
10_ЗИМА_ДОПОЛНИТЕЛЬНО/winter_extra_v41.png;Зимний/городской дополнительный объект — авто-вариация 41;Зима и дополнительные пропсы;226;144;PNG RGBA
90_ИСХОДНЫЕ_СПРАЙТ_ЛИСТЫ/01_покрытия_лужи_снег_рельсы.png;Исходный спрайт-лист: 01_покрытия_лужи_снег_рельсы.png;Исходники;1448;1086;PNG RGBA
90_ИСХОДНЫЕ_СПРАЙТ_ЛИСТЫ/02_фонари_скамейки_урны_контейнеры.png;Исходный спрайт-лист: 02_фонари_скамейки_урны_контейнеры.png;Исходники;1448;1086;PNG RGBA
90_ИСХОДНЫЕ_СПРАЙТ_ЛИСТЫ/03_провода_будки_почта_столбы_двери.png;Исходный спрайт-лист: 03_провода_будки_почта_столбы_двери.png;Исходники;1448;1086;PNG RGBA
90_ИСХОДНЫЕ_СПРАЙТ_ЛИСТЫ/04_киоски_остановки_балконы_вывески.png;Исходный спрайт-лист: 04_киоски_остановки_балконы_вывески.png;Исходники;1448;1086;PNG RGBA
90_ИСХОДНЫЕ_СПРАЙТ_ЛИСТЫ/05_растительность_клумбы_заборы.png;Исходный спрайт-лист: 05_растительность_клумбы_заборы.png;Исходники;1448;1086;PNG RGBA
90_ИСХОДНЫЕ_СПРАЙТ_ЛИСТЫ/06_транспорт_велосипеды_гаражи.png;Исходный спрайт-лист: 06_транспорт_велосипеды_гаражи.png;Исходники;1448;1086;PNG RGBA
90_ИСХОДНЫЕ_СПРАЙТ_ЛИСТЫ/07_площадка_животные.png;Исходный спрайт-лист: 07_площадка_животные.png;Исходники;1448;1086;PNG RGBA
90_ИСХОДНЫЕ_СПРАЙТ_ЛИСТЫ/08_вывески_граффити_объявления_стены.png;Исходный спрайт-лист: 08_вывески_граффити_объявления_стены.png;Исходники;1448;1086;PNG RGBA
90_ИСХОДНЫЕ_СПРАЙТ_ЛИСТЫ/09_погода_эффекты.png;Исходный спрайт-лист: 09_погода_эффекты.png;Исходники;1448;1086;PNG RGBA
90_ИСХОДНЫЕ_СПРАЙТ_ЛИСТЫ/10_зима_дополнительное.png;Исходный спрайт-лист: 10_зима_дополнительное.png;Исходники;1448;1086;PNG RGBA
99_ПРЕВЬЮ/00_общее_превью_30_элементов.png;Общее превью набора;Превью;1536;1024;PNG RGBA
